canonical_name,place_type,source_datasets,aliases,notes
First Nations Health Authority,health_authority,bc_msp_blue_book,First Nations Health Authority,"Imported from MSP Blue Book payee names; address not verified. Seen 7 row(s), 2015/2016 to 2024/2025, total payments $6,896,207.52."
Fraser Health Authority,health_authority,bc_msp_blue_book,Fraser Health Authority,"Imported from MSP Blue Book payee names; address not verified. Seen 11 row(s), 2014/2015 to 2024/2025, total payments $1,002,793,021.82."
Interior Health Authority,health_authority,bc_msp_blue_book,Interior Health Authority,"Imported from MSP Blue Book payee names; address not verified. Seen 11 row(s), 2014/2015 to 2024/2025, total payments $749,932,337.03."
Nisga'a Valley Health Authority,health_authority,bc_msp_blue_book,Nisga'a Valley Health Authority,"Imported from MSP Blue Book payee names; address not verified. Seen 11 row(s), 2014/2015 to 2024/2025, total payments $14,764,278.20."
Northern Health Authority,health_authority,bc_msp_blue_book,Northern Health Authority,"Imported from MSP Blue Book payee names; address not verified. Seen 11 row(s), 2014/2015 to 2024/2025, total payments $507,729,676.08."
Vancouver Coastal Health Authority,health_authority,bc_msp_blue_book,Vancouver Coastal Health Authority,"Imported from MSP Blue Book payee names; address not verified. Seen 11 row(s), 2014/2015 to 2024/2025, total payments $1,930,682,062.42."
Vancouver Island Health Authority,health_authority,bc_msp_blue_book,Vancouver Island Health Authority,"Imported from MSP Blue Book payee names; address not verified. Seen 11 row(s), 2014/2015 to 2024/2025, total payments $913,381,006.40."
Abbotsford Division Of Family Practice,organization,bc_msp_blue_book,Abbotsford Division Of Family Practice,"Imported from MSP Blue Book payee names; address not verified. Seen 2 row(s), 2014/2015 to 2015/2016, total payments $995,575.64."
Aberdeen Medical Centre Laboratory,organization,bc_msp_blue_book,Aberdeen Medical Centre Laboratory,"Imported from MSP Blue Book payee names; address not verified. Seen 4 row(s), 2021/2022 to 2024/2025, total payments $1,199,571.70."
ACL Medical Corporation GPSC In-Patient Incentives,organization,bc_msp_blue_book,ACL Medical Corporation GPSC In-Patient Incentives,"Imported from MSP Blue Book payee names; address not verified. Seen 10 row(s), 2014/2015 to 2023/2024, total payments $474,760.00."
Ashcroft Family Medical Practice,organization,bc_msp_blue_book,Ashcroft Family Medical Practice,"Imported from MSP Blue Book payee names; address not verified. Seen 3 row(s), 2017/2018 to 2021/2022, total payments $141,671.76."
Barriere & District Health Society,organization,bc_msp_blue_book,Barriere & District Health Society,"Imported from MSP Blue Book payee names; address not verified. Seen 11 row(s), 2014/2015 to 2024/2025, total payments $472,167.64."
Brookswood Family Practice,organization,bc_msp_blue_book,Brookswood Family Practice,"Imported from MSP Blue Book payee names; address not verified. Seen 11 row(s), 2014/2015 to 2024/2025, total payments $13,617,874.12."
C A L Medical Services Limited,organization,bc_msp_blue_book,C A L Medical Services Limited,"Imported from MSP Blue Book payee names; address not verified. Seen 1 row(s), 2024/2025 to 2024/2025, total payments $25,862.64."
Campbell River & District Div Of Family Practice,organization,bc_msp_blue_book,Campbell River & District Div Of Family Practice|Campbell River & District Div of Family Practice,"Imported from MSP Blue Book payee names; address not verified. Seen 1 row(s), 2014/2015 to 2014/2015, total payments $182,500.00. Imported from MSP Blue Book payee names; address not verified. Seen 1 row(s), 2015/2016 to 2015/2016, total payments $182,500.00."
Campbell River & District Division of Family Practice,organization,bc_msp_blue_book,Campbell River & District Division of Family Practice,"Imported from MSP Blue Book payee names; address not verified. Seen 9 row(s), 2016/2017 to 2024/2025, total payments $1,552,750.00."
Canadian Medical Protective Association Rebate Program,organization,bc_msp_blue_book,Canadian Medical Protective Association Rebate Program,"Imported from MSP Blue Book payee names; address not verified. Seen 11 row(s), 2014/2015 to 2024/2025, total payments $552,407,000.00."
Capri Medical Centre,organization,bc_msp_blue_book,Capri Medical Centre,"Imported from MSP Blue Book payee names; address not verified. Seen 5 row(s), 2019/2020 to 2024/2025, total payments $543,057.92."
Capri Medical Centre Inc.,organization,bc_msp_blue_book,Capri Medical Centre Inc.,"Imported from MSP Blue Book payee names; address not verified. Seen 3 row(s), 2017/2018 to 2020/2021, total payments $253,416.00."
Case Deena & Stuckey Michael Medical Corporation,organization,bc_msp_blue_book,Case Deena & Stuckey Michael Medical Corporation,"Imported from MSP Blue Book payee names; address not verified. Seen 1 row(s), 2023/2024 to 2023/2024, total payments $26,228.26."
Castlegar & District Community Health Centre,organization,bc_msp_blue_book,Castlegar & District Community Health Centre,"Imported from MSP Blue Book payee names; address not verified. Seen 11 row(s), 2014/2015 to 2024/2025, total payments $4,589,285.64."
Central Interior Rural Division Of Family Practice,organization,bc_msp_blue_book,Central Interior Rural Division Of Family Practice|Central Interior Rural Division of Family Practice,"Imported from MSP Blue Book payee names; address not verified. Seen 2 row(s), 2014/2015 to 2015/2016, total payments $386,900.00. Imported from MSP Blue Book payee names; address not verified. Seen 9 row(s), 2016/2017 to 2024/2025, total payments $1,645,915.00."
CGB Medical,organization,bc_msp_blue_book,CGB Medical,"Imported from MSP Blue Book payee names; address not verified. Seen 8 row(s), 2017/2018 to 2024/2025, total payments $864,750.90."
Chase & District Health Society,organization,bc_msp_blue_book,Chase & District Health Society,"Imported from MSP Blue Book payee names; address not verified. Seen 10 row(s), 2014/2015 to 2024/2025, total payments $759,204.85."
Chemainus Health Care Centre,organization,bc_msp_blue_book,Chemainus Health Care Centre,"Imported from MSP Blue Book payee names; address not verified. Seen 11 row(s), 2014/2015 to 2024/2025, total payments $2,260,871.82."
Chetwynd Centre Med CL,organization,bc_msp_blue_book,Chetwynd Centre Med CL|Chetwynd Centre Med Cl,"Imported from MSP Blue Book payee names; address not verified. Seen 1 row(s), 2014/2015 to 2014/2015, total payments $47,450.00. Imported from MSP Blue Book payee names; address not verified. Seen 1 row(s), 2015/2016 to 2015/2016, total payments $47,450.00."
Chilliwack Division of Family Practice,organization,bc_msp_blue_book,Chilliwack Division of Family Practice,"Imported from MSP Blue Book payee names; address not verified. Seen 4 row(s), 2021/2022 to 2024/2025, total payments $933,305.00."
Comox Valley Division Of Family Practice,organization,bc_msp_blue_book,Comox Valley Division Of Family Practice|Comox Valley Division of Family Practice,"Imported from MSP Blue Book payee names; address not verified. Seen 1 row(s), 2014/2015 to 2014/2015, total payments $219,000.00. Imported from MSP Blue Book payee names; address not verified. Seen 10 row(s), 2015/2016 to 2024/2025, total payments $2,082,300.00."
Continuing Medical Education Fund,organization,bc_msp_blue_book,Continuing Medical Education Fund,"Imported from MSP Blue Book payee names; address not verified. Seen 11 row(s), 2014/2015 to 2024/2025, total payments $255,618,935.00."
Cormorant Island Health Centre,organization,bc_msp_blue_book,Cormorant Island Health Centre,"Imported from MSP Blue Book payee names; address not verified. Seen 8 row(s), 2014/2015 to 2021/2022, total payments $303,808.42."
Cowichan Valley Division Of Family Practice,organization,bc_msp_blue_book,Cowichan Valley Division Of Family Practice|Cowichan Valley Division of Family Practice,"Imported from MSP Blue Book payee names; address not verified. Seen 2 row(s), 2014/2015 to 2015/2016, total payments $438,000.00. Imported from MSP Blue Book payee names; address not verified. Seen 9 row(s), 2016/2017 to 2024/2025, total payments $1,863,300.00."
Cowichan Valley Health-Care Society,organization,bc_msp_blue_book,Cowichan Valley Health-Care Society,"Imported from MSP Blue Book payee names; address not verified. Seen 5 row(s), 2014/2015 to 2018/2019, total payments $21,785,881.46."
Dr. Thomas C Woods Inc.,organization,bc_msp_blue_book,Dr. Thomas C Woods Inc.,"Imported from MSP Blue Book payee names; address not verified. Seen 1 row(s), 2024/2025 to 2024/2025, total payments $42,228.59."
Drs Rebecca Lindley & Jeremy Coward Physicians Inc.,organization,bc_msp_blue_book,Drs Rebecca Lindley & Jeremy Coward Physicians Inc.,"Imported from MSP Blue Book payee names; address not verified. Seen 1 row(s), 2014/2015 to 2014/2015, total payments $30,032.54."
East Kootenay Division Of Family Practice,organization,bc_msp_blue_book,East Kootenay Division of Family Practice|East Kootenay Division Of Family Practice,"Imported from MSP Blue Book payee names; address not verified. Seen 1 row(s), 2014/2015 to 2014/2015, total payments $343,100.00. Imported from MSP Blue Book payee names; address not verified. Seen 10 row(s), 2015/2016 to 2024/2025, total payments $2,896,770.00."
Elkford Health Care Centre Society,organization,bc_msp_blue_book,Elkford Health Care Centre Society,"Imported from MSP Blue Book payee names; address not verified. Seen 2 row(s), 2014/2015 to 2015/2016, total payments $71,909.94."
"Elkford Health Care Centre Society, The",organization,bc_msp_blue_book,"Elkford Health Care Centre Society, The","Imported from MSP Blue Book payee names; address not verified. Seen 9 row(s), 2016/2017 to 2024/2025, total payments $262,256.06."
Family Practice Services Committee,organization,bc_msp_blue_book,Family Practice Services Committee,"Imported from MSP Blue Book payee names; address not verified. Seen 3 row(s), 2022/2023 to 2024/2025, total payments $332,823,296.31."
FHA Chilliwack Division Of Family Practice,organization,bc_msp_blue_book,FHA Chilliwack Division Of Family Practice|FHA-Chilliwack Division of Family Practice|FHA-Chilliwack Division Of Family Practice,"Imported from MSP Blue Book payee names; address not verified. Seen 1 row(s), 2014/2015 to 2014/2015, total payments $510,418.83. Imported from MSP Blue Book payee names; address not verified. Seen 1 row(s), 2015/2016 to 2015/2016, total payments $331,802.56. Imported from MSP Blue Book payee names; address not verified. Seen 5 row(s), 2016/2017 to 2020/2021, total payments $1,333,710.00."
FHA Jim Pattison Outpatient Care & Surgery Center,organization,bc_msp_blue_book,FHA Jim Pattison Outpatient Care & Surgery Center,"Imported from MSP Blue Book payee names; address not verified. Seen 2 row(s), 2014/2015 to 2015/2016, total payments $17,042,707.78."
FHA Jim Pattison Outpatient Care & Surgery Centre,organization,bc_msp_blue_book,FHA Jim Pattison Outpatient Care & Surgery Centre,"Imported from MSP Blue Book payee names; address not verified. Seen 5 row(s), 2016/2017 to 2020/2021, total payments $47,364,924.18."
Fort Family Practice Associates,organization,bc_msp_blue_book,Fort Family Practice Associates,"Imported from MSP Blue Book payee names; address not verified. Seen 11 row(s), 2014/2015 to 2024/2025, total payments $30,850,694.33."
Fort St John Family Practice Associates,organization,bc_msp_blue_book,Fort St John Family Practice Associates,"Imported from MSP Blue Book payee names; address not verified. Seen 9 row(s), 2016/2017 to 2024/2025, total payments $24,694,813.51."
Four Oaks Medical Associates,organization,bc_msp_blue_book,Four Oaks Medical Associates,"Imported from MSP Blue Book payee names; address not verified. Seen 11 row(s), 2014/2015 to 2024/2025, total payments $17,760,407.04."
Fraser Lake Diagnosis & Treatment Centre,organization,bc_msp_blue_book,Fraser Lake Diagnosis & Treatment Centre,"Imported from MSP Blue Book payee names; address not verified. Seen 11 row(s), 2014/2015 to 2024/2025, total payments $446,951.63."
General Practice Services Committee,organization,bc_msp_blue_book,General Practice Services Committee,"Imported from MSP Blue Book payee names; address not verified. Seen 4 row(s), 2018/2019 to 2021/2022, total payments $369,046,373.00."
Group One Medical,organization,bc_msp_blue_book,Group One Medical,"Imported from MSP Blue Book payee names; address not verified. Seen 8 row(s), 2017/2018 to 2024/2025, total payments $762,187.90."
Health Employers Association of British Columbia,organization,bc_msp_blue_book,Health Employers Association of British Columbia,"Imported from MSP Blue Book payee names; address not verified. Seen 11 row(s), 2014/2015 to 2024/2025, total payments $31,964,459.14."
Houston Health Care,organization,bc_msp_blue_book,Houston Health Care,"Imported from MSP Blue Book payee names; address not verified. Seen 11 row(s), 2014/2015 to 2024/2025, total payments $1,002,846.73."
James Samuel Gosnell Memorial Health Centre,organization,bc_msp_blue_book,James Samuel Gosnell Memorial Health Centre,"Imported from MSP Blue Book payee names; address not verified. Seen 4 row(s), 2015/2016 to 2018/2019, total payments $156,750.83."
Jim Pattison Outpatient Care & Surgery Centre,organization,bc_msp_blue_book,Jim Pattison Outpatient Care & Surgery Centre,"Imported from MSP Blue Book payee names; address not verified. Seen 4 row(s), 2021/2022 to 2024/2025, total payments $44,353,158.93."
Kirschner Medical,organization,bc_msp_blue_book,Kirschner Medical,"Imported from MSP Blue Book payee names; address not verified. Seen 3 row(s), 2018/2019 to 2020/2021, total payments $401,624.97."
Kootenay Boundary Division Of Family Practice,organization,bc_msp_blue_book,Kootenay Boundary Division Of Family Practice|Kootenay Boundary Division of Family Practice,"Imported from MSP Blue Book payee names; address not verified. Seen 1 row(s), 2014/2015 to 2014/2015, total payments $193,450.00. Imported from MSP Blue Book payee names; address not verified. Seen 10 row(s), 2015/2016 to 2024/2025, total payments $1,839,365.00."
Ladysmith Community Health Centre,organization,bc_msp_blue_book,Ladysmith Community Health Centre,"Imported from MSP Blue Book payee names; address not verified. Seen 11 row(s), 2014/2015 to 2024/2025, total payments $4,181,743.96."
Ladysmith Health Centre,organization,bc_msp_blue_book,Ladysmith Health Centre,"Imported from MSP Blue Book payee names; address not verified. Seen 11 row(s), 2014/2015 to 2024/2025, total payments $7,679,960.53."
Lake Country Medical,organization,bc_msp_blue_book,Lake Country Medical,"Imported from MSP Blue Book payee names; address not verified. Seen 3 row(s), 2017/2018 to 2019/2020, total payments $235,000.00."
Langley Division of Family Practice,organization,bc_msp_blue_book,Langley Division of Family Practice,"Imported from MSP Blue Book payee names; address not verified. Seen 1 row(s), 2016/2017 to 2016/2017, total payments $132,000.00."
Langley Primary Health Care Associates,organization,bc_msp_blue_book,Langley Primary Health Care Associates,"Imported from MSP Blue Book payee names; address not verified. Seen 11 row(s), 2014/2015 to 2024/2025, total payments $21,186,816.78."
Logan Lake Diagnosis & Treatment Centre,organization,bc_msp_blue_book,Logan Lake Diagnosis & Treatment Centre,"Imported from MSP Blue Book payee names; address not verified. Seen 10 row(s), 2014/2015 to 2024/2025, total payments $444,820.27."
Lumby Health Centre,organization,bc_msp_blue_book,Lumby Health Centre,"Imported from MSP Blue Book payee names; address not verified. Seen 11 row(s), 2014/2015 to 2024/2025, total payments $502,430.78."
Merritt Division Of Family Practice,organization,bc_msp_blue_book,Merritt Division of Family Practice|Merritt Division Of Family Practice,"Imported from MSP Blue Book payee names; address not verified. Seen 1 row(s), 2014/2015 to 2014/2015, total payments $47,450.00. Imported from MSP Blue Book payee names; address not verified. Seen 9 row(s), 2015/2016 to 2023/2024, total payments $427,310.00."
Mission Division Of Family Practice,organization,bc_msp_blue_book,Mission Division of Family Practice|Mission Division Of Family Practice,"Imported from MSP Blue Book payee names; address not verified. Seen 1 row(s), 2014/2015 to 2014/2015, total payments $113,150.00. Imported from MSP Blue Book payee names; address not verified. Seen 2 row(s), 2015/2016 to 2016/2017, total payments $226,610.00."
Mission Oaks Medical Centre,organization,bc_msp_blue_book,Mission Oaks Medical Centre,"Imported from MSP Blue Book payee names; address not verified. Seen 8 row(s), 2017/2018 to 2024/2025, total payments $26,039,586.41."
Murrayville Family Practice,organization,bc_msp_blue_book,Murrayville Family Practice,"Imported from MSP Blue Book payee names; address not verified. Seen 11 row(s), 2014/2015 to 2024/2025, total payments $33,844,033.44."
Namgis Health Centre,organization,bc_msp_blue_book,Namgis Health Centre,"Imported from MSP Blue Book payee names; address not verified. Seen 2 row(s), 2019/2020 to 2022/2023, total payments $93,847.05."
NHA Prince George Division Of Family Practice,organization,bc_msp_blue_book,NHA Prince George Division of Family Practice|NHA Prince George Division Of Family Practice,"Imported from MSP Blue Book payee names; address not verified. Seen 1 row(s), 2014/2015 to 2014/2015, total payments $392,971.47. Imported from MSP Blue Book payee names; address not verified. Seen 6 row(s), 2015/2016 to 2020/2021, total payments $1,373,987.06."
Nicola Valley Health Centre,organization,bc_msp_blue_book,Nicola Valley Health Centre,"Imported from MSP Blue Book payee names; address not verified. Seen 11 row(s), 2014/2015 to 2024/2025, total payments $5,090,381.47."
Nicola Valley Medical Centre,organization,bc_msp_blue_book,Nicola Valley Medical Centre,"Imported from MSP Blue Book payee names; address not verified. Seen 5 row(s), 2020/2021 to 2024/2025, total payments $490,893.00."
Nisga'a Valley Health Board,organization,bc_msp_blue_book,Nisga'a Valley Health Board,"Imported from MSP Blue Book payee names; address not verified. Seen 2 row(s), 2014/2015 to 2015/2016, total payments $1,817,619.77."
North Peace Division Of Family Practice,organization,bc_msp_blue_book,North Peace Division of Family Practice|North Peace Division Of Family Practice,"Imported from MSP Blue Book payee names; address not verified. Seen 1 row(s), 2014/2015 to 2014/2015, total payments $146,000.00. Imported from MSP Blue Book payee names; address not verified. Seen 10 row(s), 2015/2016 to 2024/2025, total payments $1,388,200.00."
North Peace Primary Care Centre,organization,bc_msp_blue_book,North Peace Primary Care Centre,"Imported from MSP Blue Book payee names; address not verified. Seen 7 row(s), 2016/2017 to 2022/2023, total payments $10,902,485.93."
North Shuswap Health Centre,organization,bc_msp_blue_book,North Shuswap Health Centre,"Imported from MSP Blue Book payee names; address not verified. Seen 6 row(s), 2016/2017 to 2022/2023, total payments $275,748.69."
North Vancouver Urgent and Primary Care Centre,organization,bc_msp_blue_book,North Vancouver Urgent and Primary Care Centre,"Imported from MSP Blue Book payee names; address not verified. Seen 3 row(s), 2021/2022 to 2023/2024, total payments $731,833.25."
Northern Interior Rural Division Of Family Practice,organization,bc_msp_blue_book,Northern Interior Rural Division of Family Practice|Northern Interior Rural Division Of Family Practice,"Imported from MSP Blue Book payee names; address not verified. Seen 1 row(s), 2014/2015 to 2014/2015, total payments $160,600.00. Imported from MSP Blue Book payee names; address not verified. Seen 10 row(s), 2015/2016 to 2024/2025, total payments $1,346,165.00."
Oceanside Health Centre,organization,bc_msp_blue_book,Oceanside Health Centre,"Imported from MSP Blue Book payee names; address not verified. Seen 11 row(s), 2014/2015 to 2024/2025, total payments $18,826,324.26."
PACIFIC NORTHWEST DIVISION OF FAMILY PRACTICE,organization,bc_msp_blue_book,PACIFIC NORTHWEST DIVISION OF FAMILY PRACTICE|Pacific Northwest Division of Family Practice,"Imported from MSP Blue Book payee names; address not verified. Seen 3 row(s), 2018/2019 to 2020/2021, total payments $311,472.50. Imported from MSP Blue Book payee names; address not verified. Seen 4 row(s), 2021/2022 to 2024/2025, total payments $396,335.00."
Pattern of Practice Committee,organization,bc_msp_blue_book,Pattern of Practice Committee,"Imported from MSP Blue Book payee names; address not verified. Seen 3 row(s), 2021/2022 to 2024/2025, total payments $237,916.87."
Pemberton Health Centre,organization,bc_msp_blue_book,Pemberton Health Centre,"Imported from MSP Blue Book payee names; address not verified. Seen 11 row(s), 2014/2015 to 2024/2025, total payments $1,535,051.09."
Peninsula General Practice Group,organization,bc_msp_blue_book,Peninsula General Practice Group,"Imported from MSP Blue Book payee names; address not verified. Seen 5 row(s), 2014/2015 to 2018/2019, total payments $1,022,600.00."
Physician Disability Insurance Program,organization,bc_msp_blue_book,Physician Disability Insurance Program,"Imported from MSP Blue Book payee names; address not verified. Seen 11 row(s), 2014/2015 to 2024/2025, total payments $221,797,701.77."
Physician Health Program,organization,bc_msp_blue_book,Physician Health Program,"Imported from MSP Blue Book payee names; address not verified. Seen 11 row(s), 2014/2015 to 2024/2025, total payments $21,483,932.14."
Port Alberni Division Of Family Practice,organization,bc_msp_blue_book,Port Alberni Division of Family Practice|Port Alberni Division Of Family Practice,"Imported from MSP Blue Book payee names; address not verified. Seen 1 row(s), 2014/2015 to 2014/2015, total payments $47,450.00. Imported from MSP Blue Book payee names; address not verified. Seen 7 row(s), 2015/2016 to 2021/2022, total payments $320,547.50."
Port Hardy Physicians,organization,bc_msp_blue_book,Port Hardy Physicians,"Imported from MSP Blue Book payee names; address not verified. Seen 10 row(s), 2014/2015 to 2023/2024, total payments $407,282.54."
Port McNeil Health Care Centre,organization,bc_msp_blue_book,Port McNeil Health Care Centre,"Imported from MSP Blue Book payee names; address not verified. Seen 1 row(s), 2021/2022 to 2021/2022, total payments $47,618.17."
Port McNeill Health Care Centre,organization,bc_msp_blue_book,Port McNeill Health Care Centre,"Imported from MSP Blue Book payee names; address not verified. Seen 3 row(s), 2022/2023 to 2024/2025, total payments $140,491.10."
Port McNeill Medical Collaborative,organization,bc_msp_blue_book,Port Mcneill Medical Collaborative|Port McNeill Medical Collaborative,"Imported from MSP Blue Book payee names; address not verified. Seen 8 row(s), 2016/2017 to 2023/2024, total payments $332,582.55. Imported from MSP Blue Book payee names; address not verified. Seen 2 row(s), 2014/2015 to 2015/2016, total payments $128,862.71."
Powell River Division Of Family Practice,organization,bc_msp_blue_book,Powell River Division of Family Practice|Powell River Division Of Family Practice,"Imported from MSP Blue Book payee names; address not verified. Seen 1 row(s), 2014/2015 to 2014/2015, total payments $80,300.00. Imported from MSP Blue Book payee names; address not verified. Seen 10 row(s), 2015/2016 to 2024/2025, total payments $763,510.00."
Prince George Division Of Family Practice,organization,bc_msp_blue_book,Prince George Division Of Family Practice,"Imported from MSP Blue Book payee names; address not verified. Seen 4 row(s), 2021/2022 to 2024/2025, total payments $767,100.00."
Prince Rupert Division Of Family Practice,organization,bc_msp_blue_book,Prince Rupert Division Of Family Practice|Prince Rupert Division of Family Practice,"Imported from MSP Blue Book payee names; address not verified. Seen 2 row(s), 2014/2015 to 2015/2016, total payments $226,300.00. Imported from MSP Blue Book payee names; address not verified. Seen 9 row(s), 2016/2017 to 2024/2025, total payments $962,705.00."
Providence Health Care,organization,bc_msp_blue_book,Providence Health Care,"Imported from MSP Blue Book payee names; address not verified. Seen 2 row(s), 2014/2015 to 2015/2016, total payments $257,298.27."
Providence Health Care Society,organization,bc_msp_blue_book,Providence Health Care Society,"Imported from MSP Blue Book payee names; address not verified. Seen 5 row(s), 2014/2015 to 2019/2020, total payments $55,504,329.61."
Provincial Health Services Authority,organization,bc_msp_blue_book,Provincial Health Services Authority,"Imported from MSP Blue Book payee names; address not verified. Seen 11 row(s), 2014/2015 to 2024/2025, total payments $2,218,929,539.34."
Quadra Island Health Society,organization,bc_msp_blue_book,Quadra Island Health Society,"Imported from MSP Blue Book payee names; address not verified. Seen 1 row(s), 2019/2020 to 2019/2020, total payments $40,816.24."
Quesnel Division Of Family Practice,organization,bc_msp_blue_book,Quesnel Division of Family Practice|Quesnel Division Of Family Practice,"Imported from MSP Blue Book payee names; address not verified. Seen 1 row(s), 2014/2015 to 2014/2015, total payments $80,300.00. Imported from MSP Blue Book payee names; address not verified. Seen 10 row(s), 2015/2016 to 2024/2025, total payments $763,510.00."
Rem Tek Enterprises Ltd.,organization,bc_msp_blue_book,Rem Tek Enterprises Ltd.,"Imported from MSP Blue Book payee names; address not verified. Seen 11 row(s), 2014/2015 to 2024/2025, total payments $111,391,770.19."
Robert Lewis MD Inc.,organization,bc_msp_blue_book,Robert Lewis MD Inc.,"Imported from MSP Blue Book payee names; address not verified. Seen 1 row(s), 2024/2025 to 2024/2025, total payments $43,489.45."
Rural Coordination Centre of BC,organization,bc_msp_blue_book,Rural Coordination Centre of BC,"Imported from MSP Blue Book payee names; address not verified. Seen 4 row(s), 2021/2022 to 2024/2025, total payments $77,962,418.56."
Rural Health Programs,organization,bc_msp_blue_book,Rural Health Programs,"Imported from MSP Blue Book payee names; address not verified. Seen 10 row(s), 2015/2016 to 2024/2025, total payments $76,258,602.33."
Rutland Medical Associates,organization,bc_msp_blue_book,Rutland Medical Associates,"Imported from MSP Blue Book payee names; address not verified. Seen 4 row(s), 2017/2018 to 2020/2021, total payments $339,872.00."
Salt Spring Chapter Division of Family Practice,organization,bc_msp_blue_book,Salt Spring Chapter Division of Family Practice|Salt Spring Chapter-Division Of Family Practice|Salt Spring Chapter-Division of Family Practice,"Imported from MSP Blue Book payee names; address not verified. Seen 4 row(s), 2021/2022 to 2024/2025, total payments $281,270.00. Imported from MSP Blue Book payee names; address not verified. Seen 1 row(s), 2014/2015 to 2014/2015, total payments $80,300.00. Imported from MSP Blue Book payee names; address not verified. Seen 6 row(s), 2015/2016 to 2020/2021, total payments $482,240.00."
Sea To Sky Division Of Family Practice,organization,bc_msp_blue_book,Sea To Sky Division Of Family Practice|Sea to Sky Division of Family Practice,"Imported from MSP Blue Book payee names; address not verified. Seen 1 row(s), 2024/2025 to 2024/2025, total payments $73,400.00. Imported from MSP Blue Book payee names; address not verified. Seen 2 row(s), 2022/2023 to 2023/2024, total payments $292,000.00."
Selkirk Medical Group,organization,bc_msp_blue_book,Selkirk Medical Group,"Imported from MSP Blue Book payee names; address not verified. Seen 6 row(s), 2019/2020 to 2024/2025, total payments $647,429.30."
Selkirk Medical Group Unassigned In-Patient Care Incentives,organization,bc_msp_blue_book,Selkirk Medical Group Unassigned In-Patient Care Incentives,"Imported from MSP Blue Book payee names; address not verified. Seen 6 row(s), 2014/2015 to 2019/2020, total payments $284,960.00."
Seymore Urgent Primary Care Centre,organization,bc_msp_blue_book,Seymore Urgent Primary Care Centre,"Imported from MSP Blue Book payee names; address not verified. Seen 1 row(s), 2024/2025 to 2024/2025, total payments $239,519.44."
Seymour Health Centre,organization,bc_msp_blue_book,Seymour Health Centre,"Imported from MSP Blue Book payee names; address not verified. Seen 6 row(s), 2019/2020 to 2024/2025, total payments $1,209,819.27."
Shuswap North Okanagan Div Of Family Practice-Vernon,organization,bc_msp_blue_book,Shuswap North Okanagan Div Of Family Practice-Vernon,"Imported from MSP Blue Book payee names; address not verified. Seen 2 row(s), 2014/2015 to 2015/2016, total payments $638,750.00."
Shuswap North Okanagan Division of Family Practice,organization,bc_msp_blue_book,Shuswap North Okanagan Division of Family Practice,"Imported from MSP Blue Book payee names; address not verified. Seen 4 row(s), 2021/2022 to 2024/2025, total payments $639,250.00."
Shuswap North Okanagan Division of Family Practice-Vernon,organization,bc_msp_blue_book,Shuswap North Okanagan Division of Family Practice-Vernon,"Imported from MSP Blue Book payee names; address not verified. Seen 5 row(s), 2016/2017 to 2020/2021, total payments $913,500.00."
Slocan Community Health Centre,organization,bc_msp_blue_book,Slocan Community Health Centre,"Imported from MSP Blue Book payee names; address not verified. Seen 3 row(s), 2014/2015 to 2024/2025, total payments $80,643.65."
South Island Division of Family Practice,organization,bc_msp_blue_book,South Island Division of Family Practice,"Imported from MSP Blue Book payee names; address not verified. Seen 1 row(s), 2015/2016 to 2015/2016, total payments $36,500.00."
South Okanagan Similkameen Division Of Family Practice,organization,bc_msp_blue_book,South Okanagan Similkameen Division of Family Practice|South Okanagan Similkameen Division Of Family Practice,"Imported from MSP Blue Book payee names; address not verified. Seen 1 row(s), 2014/2015 to 2014/2015, total payments $614,104.52. Imported from MSP Blue Book payee names; address not verified. Seen 10 row(s), 2015/2016 to 2024/2025, total payments $3,229,418.23."
South Similkameen Health,organization,bc_msp_blue_book,South Similkameen Health,"Imported from MSP Blue Book payee names; address not verified. Seen 10 row(s), 2015/2016 to 2024/2025, total payments $726,885.43."
South Similkameen Health Centre,organization,bc_msp_blue_book,South Similkameen Health Centre,"Imported from MSP Blue Book payee names; address not verified. Seen 1 row(s), 2015/2016 to 2015/2016, total payments $54,295.28."
Sparwood Health Centre,organization,bc_msp_blue_book,Sparwood Health Centre|Sparwood Health Centre.,"Imported from MSP Blue Book payee names; address not verified. Seen 9 row(s), 2016/2017 to 2024/2025, total payments $587,240.18. Imported from MSP Blue Book payee names; address not verified. Seen 2 row(s), 2014/2015 to 2015/2016, total payments $145,948.65."
SPECIALIST PHYSICIANS,organization,bc_msp_blue_book,SPECIALIST PHYSICIANS,"Imported from MSP Blue Book payee names; address not verified. Seen 1 row(s), 2022/2023 to 2022/2023, total payments $29,345.13."
Spectrum Health Care,organization,bc_msp_blue_book,Spectrum Health Care,"Imported from MSP Blue Book payee names; address not verified. Seen 11 row(s), 2014/2015 to 2024/2025, total payments $38,283,352.08."
SPH General Practice Society,organization,bc_msp_blue_book,Sph General Practice Society|SPH General Practice Society,"Imported from MSP Blue Book payee names; address not verified. Seen 3 row(s), 2019/2020 to 2024/2025, total payments $548,700.00. Imported from MSP Blue Book payee names; address not verified. Seen 3 row(s), 2021/2022 to 2023/2024, total payments $657,000.00."
Summerland Health Centre,organization,bc_msp_blue_book,Summerland Health Centre,"Imported from MSP Blue Book payee names; address not verified. Seen 11 row(s), 2014/2015 to 2024/2025, total payments $2,342,495.88."
Sun Peaks Family Practice,organization,bc_msp_blue_book,Sun Peaks Family Practice,"Imported from MSP Blue Book payee names; address not verified. Seen 3 row(s), 2020/2021 to 2022/2023, total payments $291,240.46."
Sunshine Coast Division Of Family Practice,organization,bc_msp_blue_book,Sunshine Coast Division Of Family Practice|Sunshine Coast Division of Family Practice,"Imported from MSP Blue Book payee names; address not verified. Seen 1 row(s), 2014/2015 to 2014/2015, total payments $113,150.00. Imported from MSP Blue Book payee names; address not verified. Seen 10 row(s), 2015/2016 to 2024/2025, total payments $1,075,855.00."
Sunshine Coast/Sea To Sky Division Of Family Practice,organization,bc_msp_blue_book,Sunshine Coast/Sea To Sky Division Of Family Practice|Sunshine Coast/Sea to Sky Division of Family Practice,"Imported from MSP Blue Book payee names; address not verified. Seen 2 row(s), 2014/2015 to 2015/2016, total payments $292,000.00. Imported from MSP Blue Book payee names; address not verified. Seen 6 row(s), 2016/2017 to 2021/2022, total payments $876,800.00."
The Medical Centre,organization,bc_msp_blue_book,The Medical Centre,"Imported from MSP Blue Book payee names; address not verified. Seen 4 row(s), 2014/2015 to 2021/2022, total payments $258,022.44."
Tumbler Ridge Health Centre,organization,bc_msp_blue_book,Tumbler Ridge Health Centre,"Imported from MSP Blue Book payee names; address not verified. Seen 11 row(s), 2014/2015 to 2024/2025, total payments $561,577.60."
UBC Family Practice Centre,organization,bc_msp_blue_book,UBC Family Practice Centre,"Imported from MSP Blue Book payee names; address not verified. Seen 3 row(s), 2014/2015 to 2016/2017, total payments $6,254,672.23."
Valemount Diagnosis & Treatment Centre,organization,bc_msp_blue_book,Valemount Diagnosis & Treatment Centre,"Imported from MSP Blue Book payee names; address not verified. Seen 11 row(s), 2014/2015 to 2024/2025, total payments $575,359.73."
Vancouver City Centre UPCC - MI Services,organization,bc_msp_blue_book,Vancouver City Centre UPCC - MI Services,"Imported from MSP Blue Book payee names; address not verified. Seen 1 row(s), 2024/2025 to 2024/2025, total payments $202,859.17."
Vancouver Family Practice,organization,bc_msp_blue_book,Vancouver Family Practice,"Imported from MSP Blue Book payee names; address not verified. Seen 8 row(s), 2017/2018 to 2024/2025, total payments $25,386,523.44."
Wallgate Holdings Inc,organization,bc_msp_blue_book,Wallgate Holdings Inc|Wallgate Holdings Inc.,"Imported from MSP Blue Book payee names; address not verified. Seen 9 row(s), 2016/2017 to 2024/2025, total payments $39,489,937.45. Imported from MSP Blue Book payee names; address not verified. Seen 2 row(s), 2014/2015 to 2015/2016, total payments $4,912,861.01."
Westside Medical Associates,organization,bc_msp_blue_book,Westside Medical Associates,"Imported from MSP Blue Book payee names; address not verified. Seen 2 row(s), 2017/2018 to 2018/2019, total payments $122,585.00."
Whistler Health Care Centre,organization,bc_msp_blue_book,Whistler Health Care Centre,"Imported from MSP Blue Book payee names; address not verified. Seen 11 row(s), 2014/2015 to 2024/2025, total payments $11,989,896.05."
White Rock/South Surrey Division Of Family Practice,organization,bc_msp_blue_book,White Rock/South Surrey Division Of Family Practice|White Rock/South Surrey Division of Family Practice,"Imported from MSP Blue Book payee names; address not verified. Seen 1 row(s), 2014/2015 to 2014/2015, total payments $359,680.93. Imported from MSP Blue Book payee names; address not verified. Seen 1 row(s), 2015/2016 to 2015/2016, total payments $90,908.36."
